1020235541.json,1,duplicate,duplicate (100% similar): Exact duplicate question found.,
1020235541.json,2,duplicate,duplicate (84.13% similar): Similar questions already exist (1 found).,
1020235541.json,3,duplicate,duplicate (82.71% similar): Similar questions already exist (1 found).,
1020235541.json,4,duplicate,duplicate (84.61% similar): Similar questions already exist (1 found).,
1020235541.json,5,duplicate,duplicate (81.42% similar): Similar questions already exist (1 found).,
1020235541.json,6,duplicate,duplicate (82.69% similar): Similar questions already exist (2 found).,
1020235541.json,7,duplicate,duplicate (100% similar): Exact duplicate question found.,
1020235541.json,8,duplicate,duplicate (84.2% similar): Similar questions already exist (1 found).,
1020235541.json,9,duplicate,duplicate (85.94% similar): Similar questions already exist (1 found).,
MA232431.json,1,duplicate,duplicate (94.5% similar): Similar questions already exist (1 found).,
MA232431.json,5,duplicate,duplicate (91.57% similar): Similar questions already exist (1 found).,
MA232431.json,6,duplicate,duplicate (95.53% similar): Similar questions already exist (1 found).,
MA232431.json,7,duplicate,duplicate (98.29% similar): Similar questions already exist (1 found).,
MA232431.json,8,duplicate,duplicate (90.79% similar): Similar questions already exist (1 found).,
MA232431.json,9,duplicate,duplicate (94.13% similar): Similar questions already exist (1 found).,
1012234420.json,1,ok,dry-run,
1012234420.json,1,ok,dry-run,
1012234420.json,1,ok,dry-run,
1012234420.json,1,duplicate,duplicate (99.3% similar): Similar questions already exist (1 found).,
1012234420.json,1,ok,ok,89113
